Digital Marketing;Social Media Marketing;
Digital Marketing;Social Media Advertising;
Digital Marketing;Search Engine Optimization (SEO);
Digital Marketing;Local SEO;
Digital Marketing;Marketing Strategy;
Digital Marketing;Public Relations;
Digital Marketing;Content Marketing;
Digital Marketing;Video Marketing;
Digital Marketing;Email Marketing;
Digital Marketing;Web Analytics;
Digital Marketing;Text Message Marketing;
Digital Marketing;Search Engine Marketing (SEM);
Digital Marketing;Display Advertising;
Digital Marketing;E-Commerce Marketing;
Digital Marketing;Influencer Marketing;
Digital Marketing;Community Management;
Digital Marketing;Mobile App Marketing;
Digital Marketing;Music Promotion;
Digital Marketing;Book & eBook Marketing;
Digital Marketing;Affiliate Marketing;
Digital Marketing;Podcast Marketing;
Digital Marketing;Crowdfunding;
Writing & Translation;Articles & Blog Posts;
Writing & Translation;Translation;
Writing & Translation;Proofreading & Editing;
Writing & Translation;Resume Writing;
Writing & Translation;Cover Letters;
Writing & Translation;LinkedIn Profiles;
Writing & Translation;Ad Copy;
Writing & Translation;Sales Copy;
Writing & Translation;Social Media Copy;
Writing & Translation;Email Copy;
Writing & Translation;Case Studies;
Writing & Translation;Book & eBook Writing;
Writing & Translation;Book Editing;
Writing & Translation;Scriptwriting;
Writing & Translation;Podcast Writing;
Writing & Translation;Beta Reading;
Writing & Translation;Creative Writing;
Writing & Translation;Brand Voice & Tone;
Writing & Translation;UX Writing;
Writing & Translation;Speechwriting;
Writing & Translation;eLearning Content Development;
Writing & Translation;Technical Writing;
Writing & Translation;Job Descriptions;
Writing & Translation;White Papers;
Writing & Translation;Website Content;
Writing & Translation;Product Descriptions;
Writing & Translation;Press Releases;
Writing & Translation;Business Names & Slogans;
Writing & Translation;Legal Writing;
Writing & Translation;Grant Writing;
Writing & Translation;Transcripts;
Writing & Translation;Research & Summaries;
Video & Animation;Whiteboard & Animated Explainers;
Video & Animation;Video Editing;
Video & Animation;Visual Effects;
Video & Animation;Subtitles & Captions;
Video & Animation;Lyric & Music Videos;
Video & Animation;Character Animation;
Video & Animation;Logo Animation;
Video & Animation;Animation for Kids;
Video & Animation;Lottie & Website Animation;
Video & Animation;Animated GIFs;
Video & Animation;Short Video Ads;
Video & Animation;Corporate Videos;
Video & Animation;3D Product Animation;
Video & Animation;E-Commerce Product Videos;
Video & Animation;Spokesperson Videos;
Video & Animation;Live Action Explainers;
Video & Animation;Crowdfunding Videos;
Video & Animation;Unboxing Videos;
Video & Animation;App & Website Previews;
Video & Animation;Animation for Streamers;
Video & Animation;Intros & Outros;
Video & Animation;Screencasting Videos;
Video & Animation;Product Photography;
Video & Animation;Local Photography;
Video & Animation;Drone Videography;
Video & Animation;eLearning Video Production;
Video & Animation;Slideshow Videos;
Video & Animation;Game Trailers;
Video & Animation;Book Trailers;
Video & Animation;Article to Video;
Video & Animation;Real Estate Promos;
Music & Audio;Voice Over;
Music & Audio;Producers & Composers;
Music & Audio;Singers & Vocalists;
Music & Audio;Mixing & Mastering;
Music & Audio;Session Musicians;
Music & Audio;Online Music Lessons;
Music & Audio;Podcast Editing;
Music & Audio;Songwriters;
Music & Audio;Beat Making;
Music & Audio;Audiobook Production;
Music & Audio;Audio Ads Production;
Music & Audio;Sound Design;
Music & Audio;Jingles & Intros;
Music & Audio;Dialogue Editing;
Music & Audio;Music Transcription;
Music & Audio;Vocal Tuning;
Music & Audio;DJ Drops & Tags;
Music & Audio;DJ Mixing;
Music & Audio;Remixing & Mashups;
Music & Audio;Synth Presets;
Music & Audio;Meditation Music;
Programming & Tech;WordPress;
Programming & Tech;Website Builders & CMS;
Programming & Tech;Game Development;
Programming & Tech;Development for Streamers;
Programming & Tech;Web Programming;
Programming & Tech;E-Commerce Development;
Programming & Tech;Mobile Apps;
Programming & Tech;Desktop Applications;
Programming & Tech;Support & IT;
Programming & Tech;Chatbots;
Programming & Tech;Cybersecurity & Data Protection;
Programming & Tech;Convert Files;
Programming & Tech;User Testing;
Data;Databases;
Data;Data Processing;
Data;Data Analytics;
Data;Data Visualization;
Data;Data Engineering;
Data;Data Science;
Data;Data Entry;
Business;Virtual Assistant;
Business;Market Research;
Business;Sales;
Business;E-Commerce Management;
Business;Supply Chain Management;
Business;Project Management;
Business;Presentations;
Business;Game Concept Design;
Business;Flyer Distribution;
Business;Business Plans;
Business;Business Consulting;
Business;Legal Consulting;
Business;Financial Consulting;
Business;Customer Care;
Business;HR Consulting;
Business;Career Counseling;
Graphics & Design;Logo Design;Logo & Brand Identity
Graphics & Design;Brand Style Guides;Logo & Brand Identity
Graphics & Design;Business Cards & Stationery;Logo & Brand Identity
Graphics & Design;Game Art;Gaming
Graphics & Design;Graphics for Streamers;Gaming
Graphics & Design;Twitch Store;Gaming
Graphics & Design;Illustration;Art & Illustration
Graphics & Design;Pattern Design;Art & Illustration
Graphics & Design;Portraits & Caricatures;Art & Illustration
Graphics & Design;Cartoons & Comics;Art & Illustration
Graphics & Design;Tattoo Design;Art & Illustration
Graphics & Design;Storyboards;Art & Illustration
Graphics & Design;Website Design;Web & App Design
Graphics & Design;App Design;Web & App Design
Graphics & Design;UX Design;Web & App Design
Graphics & Design;Landing Page Design;Web & App Design
Graphics & Design;Email Design;Web & App Design
Graphics & Design;Icon Design;Web & App Design
Graphics & Design;Web Banners;Web & App Design
Graphics & Design;Social Media Design;Social Media
Graphics & Design;AR Filters & Lenses;Social Media
Graphics & Design;Packaging Design;Packaging & Labels
Graphics & Design;Book Design;Packaging & Labels
Graphics & Design;Album Cover Design;Packaging & Labels
Graphics & Design;Podcast Cover Art;Packaging & Labels
Graphics & Design;Car Wraps;Packaging & Labels
Graphics & Design;Photoshop Editing;Visual Design
Graphics & Design;Presentation Design;Visual Design
Graphics & Design;Infographic Design;Visual Design
Graphics & Design;Vector Tracing;Visual Design
Graphics & Design;Resume Design;Visual Design
Graphics & Design;Architecture & Building Design;Visual Design
Graphics & Design;Architecture & Interior Design;Visual Design
Graphics & Design;Landscape Design;Visual Design
Graphics & Design;Building Information Modeling;Visual Design
Graphics & Design;Fashion Design;Fashion & Merchandise
Graphics & Design;T-Shirts & Merchandise;Fashion & Merchandise
Graphics & Design;Jewelry Design;Fashion & Merchandise
Graphics & Design;Flyer Design;Print Design
Graphics & Design;Brochure Design;Print Design
Graphics & Design;Signage Design;Print Design
Graphics & Design;Poster Design;Print Design
Graphics & Design;Catalog Design;Print Design
Graphics & Design;Menu Design;Print Design
Graphics & Design;Postcard Design;Print Design
Graphics & Design;Invitation Design;Print Design
Graphics & Design;Industrial & Product Design;Product & Characters Design
Graphics & Design;Character Modeling;Product & Characters Design
Graphics & Design;Trade Booth Design;Product & Characters Design
